{"7": [1491.629086726172, 1516.087690619049], "34": [2228.7540422696, 2254.066276646163], "61": [2962.797552441658, 2988.227868887695], "88": [3690.149970681312, 3717.927494332429]}